"PORT Holdings Report: Holdings (05/25/2016 15:52:25)","","","","","","","","","",""
"","","","","","","","","","",""
"Summary","","","","","","","","","",""
"","","Portfolio","ProShares VIX Short-Term Futures ETF","","","","","","",""
"","","As-of Date","5/25/2016","","","","","","",""
"","","Currency","USD","","","","","","",""
"","","","","","","","","","",""
"Detail","","","","","","","","","",""
"","","Name","% Wgt","Mkt Value","Position","PX Close","","","",""
"ProShares VIX Short-Term Futures ETF","","","100.0","283569630.0","","","","","",""
"","Bonds","","86.09","244133690.0","","","","","",""
"","","B 0 05/26/16","3.69","10459000.0","10459000.0","100.0","USD","","",""
"","","B 0 06/02/16","3.39","9603616.0","9604000.0","100.0","USD","","",""
"","","B 0 06/09/16","1.28","3620711.0","3621000.0","99.99","USD","","",""
"","","B 0 06/16/16","5.01","14196307.0","14198000.0","99.99","USD","","",""
"","","B 0 07/07/16","10.66","30223837.0","30232000.0","99.97","USD","","",""
"","","B 0 07/21/16","20.35","57711020.0","57732000.0","99.96","USD","","",""
"","","B 0 07/28/16","12.13","34392484.0","34409000.0","99.95","USD","","",""
"","","B 0 08/04/16","3.74","10603965.0","10610000.0","99.94","USD","","",""
"","","B 0 08/11/16","10.09","28614440.0","28633000.0","99.94","USD","","",""
"","","B 0 08/25/16","10.04","28482625.0","28506000.0","99.92","USD","","",""
"","","B 0 09/22/16","5.72","16225684.0","16244000.0","99.89","USD","","",""
"","Cash","","13.91","39435940.0","","","","","",""
"","","US DOLLAR","13.91","39435940.0","39435940.0","1.0","USD","","",""
"","Futures","","91.63","0.0","","","","","",""
"","","CBOE VIX FUTURE   Jul16","20.8","0.0","3236.0","18.23","USD","","",""
"","","CBOE VIX FUTURE   Jun16","70.83","0.0","12192.0","16.48","USD","","",""
"","Offset Cash","","-91.63","0.0","","","","","",""
"","","CBOE VIX FUTURE   Jul16_EconomicCash","-20.8","0.0","-58976101.0","1.0","USD","","",""
"","","CBOE VIX FUTURE   Jun16_EconomicCash","-70.83","0.0","-200863205.0","1.0","USD","","",""
"","","","","","","","","","",""
"","","","","","","","","","",""
"The BLOOMBERG PROFESSIONAL service, BLOOMBERG Data and BLOOMBERG Order Management Systems (the 'Services') are owned and distributed locally by Bloomberg Finance L.P. ('BFLP') and its subsidiaries in all jurisdictions other than Argentina, Bermuda, China, India, Japan and Korea (the 'BLP Countries'). BFLP is a wholly-owned subsidiary of Bloomberg L.P. ('BLP'). BLP provides BFLP with all global marketing and operational support and service for the Services and distributes the Services either directly or through a non-BFLP subsidiary in the BLP Countries. The Services include electronic trading and order-routing services, which are available only to sophisticated institutional investors and only where necessary legal clearances have been obtained. BFLP, BLP and their affiliates do not provide investment advice or guarantee the accuracy of prices or information in the Services. Nothing on the Services shall constitute an offering of financial instruments by BFLP, BLP or their affiliates. BLOOMBERG, BLOOMBERG PROFESSIONAL, BLOOMBERG MARKET, BLOOMBERG NEWS, BLOOMBERG ANYWHERE, BLOOMBERG TRADEBOOK, BLOOMBERG BONDTRADER, BLOOMBERG TELEVISION, BLOOMBERG RADIO, BLOOMBERG PRESS and BLOOMBERG.COM are trademarks and service marks of BFLP, a Delaware limited partnership, or its subsidiaries.","","","","","","","","","",""
