"PORT Holdings Report: Holdings (05/25/2016 15:46:25)","","","","","","","","","",""
"","","","","","","","","","",""
"Summary","","","","","","","","","",""
"","","Portfolio","SPDR DOW JONES INDUSTRIAL AVERAGE ETF TRUST","","","","","","",""
"","","Benchmark","Default (DJITR)","","","","","","",""
"","","As-of Date","5/25/2016","","","","","","",""
"","","Currency","USD","","","","","","",""
"","","","","","","","","","",""
"Detail","","","","","","","","","",""
"","","","","","","","","","",""
"","","","Port","Bench","+/-","Port","Port","Port","Port","Bench"
"SPDR DOW JONES INDUSTRIAL AVERAGE ETF TRUST","","","100.0","100.0","0.0","11626142832.0","","","",""
"","Cash","","0.11","","0.11","12652087.0","","","",""
"","","US DOLLAR","0.11","","0.11","12652087.0","12652087.0","1.0","USD","USD"
"","Consumer Discretionary","","15.97","15.99","-0.02","1856974468.0","","","",""
"","","HOME DEPOT INC","5.15","5.16","-0.01","599032716.0","4491847.0","133.36","USD","USD"
"","","MCDONALD'S CORP","4.79","4.79","-0.01","556764436.0","4491847.0","123.95","USD","USD"
"","","NIKE INC -CL B","2.19","2.19","0.0","254193622.0","4491847.0","56.59","USD","USD"
"","","WALT DISNEY CO/THE","3.84","3.85","0.0","446983695.0","4491847.0","99.51","USD","USD"
"","Consumer Staples","","7.56","7.56","-0.01","878515436.0","","","",""
"","","COCA-COLA CO/THE","1.71","1.72","0.0","199303251.0","4491847.0","44.37","USD","USD"
"","","PROCTER & GAMBLE CO/THE","3.13","3.13","0.0","363704852.0","4491847.0","80.97","USD","USD"
"","","WAL-MART STORES INC","2.71","2.72","0.0","315507333.0","4491847.0","70.24","USD","USD"
"","Energy","","7.34","7.34","-0.01","852822071.0","","","",""
"","","CHEVRON CORP","3.87","3.88","0.0","450038151.0","4491847.0","100.19","USD","USD"
"","","EXXON MOBIL CORP","3.46","3.47","0.0","402783920.0","4491847.0","89.67","USD","USD"
"","Financials","","15.47","15.49","-0.02","1798715213.0","","","",""
"","","AMERICAN EXPRESS CO","2.51","2.51","0.0","291386115.0","4491847.0","64.87","USD","USD"
"","","GOLDMAN SACHS GROUP INC","6.09","6.1","-0.01","707870169.0","4491847.0","157.59","USD","USD"
"","","JPMORGAN CHASE & CO","2.49","2.5","0.0","289903805.0","4491847.0","64.54","USD","USD"
"","","TRAVELERS COS INC/THE","4.38","4.39","0.0","509555124.0","4491847.0","113.44","USD","USD"
"","Health Care","","12.94","12.96","-0.01","1504678908.0","","","",""
"","","JOHNSON & JOHNSON","4.35","4.36","0.0","506186238.0","4491847.0","112.69","USD","USD"
"","","MERCK & CO. INC.","2.15","2.15","0.0","249746693.0","4491847.0","55.6","USD","USD"
"","","PFIZER INC","1.32","1.32","0.0","153171983.0","4491847.0","34.1","USD","USD"
"","","UNITEDHEALTH GROUP INC","5.12","5.13","-0.01","595573994.0","4491847.0","132.59","USD","USD"
"","Industrials","","19.2","19.22","-0.02","2232358122.0","","","",""
"","","3M CO","6.52","6.52","-0.01","757460160.0","4491847.0","168.63","USD","USD"
"","","BOEING CO/THE","4.93","4.93","-0.01","572710492.0","4491847.0","127.5","USD","USD"
"","","CATERPILLAR INC","2.75","2.75","0.0","319325403.0","4491847.0","71.09","USD","USD"
"","","GENERAL ELECTRIC CO","1.15","1.15","0.0","134081633.0","4491847.0","29.85","USD","USD"
"","","UNITED TECHNOLOGIES CORP","3.86","3.86","0.0","448780434.0","4491847.0","99.91","USD","USD"
"","Information Technology","","16.87","16.89","-0.02","1961634503.0","","","",""
"","","APPLE INC","3.78","3.79","0.0","439751821.0","4491847.0","97.9","USD","USD"
"","","CISCO SYSTEMS INC","1.1","1.1","0.0","127882884.0","4491847.0","28.47","USD","USD"
"","","INTEL CORP","1.2","1.2","0.0","139516768.0","4491847.0","31.06","USD","USD"
"","","INTL BUSINESS MACHINES CORP","5.73","5.74","-0.01","666185829.0","4491847.0","148.31","USD","USD"
"","","MICROSOFT CORP","1.99","2.0","0.0","231734387.0","4491847.0","51.59","USD","USD"
"","","VISA INC-CLASS A SHARES","3.07","3.07","0.0","356562815.0","4491847.0","79.38","USD","USD"
"","Materials","","2.62","2.63","0.0","305086248.0","","","",""
"","","DU PONT (E.I.) DE NEMOURS","2.62","2.63","0.0","305086248.0","4491847.0","67.92","USD","USD"
"","Telecommunication Services","","1.92","1.92","0.0","222705774.0","","","",""
"","","VERIZON COMMUNICATIONS INC","1.92","1.92","0.0","222705774.0","4491847.0","49.58","USD","USD"
"","","","","","","","","","",""
"","","","","","","","","","",""
"The BLOOMBERG PROFESSIONAL service, BLOOMBERG Data and BLOOMBERG Order Management Systems (the 'Services') are owned and distributed locally by Bloomberg Finance L.P. ('BFLP') and its subsidiaries in all jurisdictions other than Argentina, Bermuda, China, India, Japan and Korea (the 'BLP Countries'). BFLP is a wholly-owned subsidiary of Bloomberg L.P. ('BLP'). BLP provides BFLP with all global marketing and operational support and service for the Services and distributes the Services either directly or through a non-BFLP subsidiary in the BLP Countries. The Services include electronic trading and order-routing services, which are available only to sophisticated institutional investors and only where necessary legal clearances have been obtained. BFLP, BLP and their affiliates do not provide investment advice or guarantee the accuracy of prices or information in the Services. Nothing on the Services shall constitute an offering of financial instruments by BFLP, BLP or their affiliates. BLOOMBERG, BLOOMBERG PROFESSIONAL, BLOOMBERG MARKET, BLOOMBERG NEWS, BLOOMBERG ANYWHERE, BLOOMBERG TRADEBOOK, BLOOMBERG BONDTRADER, BLOOMBERG TELEVISION, BLOOMBERG RADIO, BLOOMBERG PRESS and BLOOMBERG.COM are trademarks and service marks of BFLP, a Delaware limited partnership, or its subsidiaries.","","","","","","","","","",""
